{"cameraMode":{"drawMode":0,"name":"Shaded","section":"Shading Mode"},"sceneLighting":false,"audioPlay":false,"sceneViewState":{"showFog":true,"showMaterialUpdate":false,"showSkybox":true,"showFlares":true,"showImageEffects":true,"showParticleSystems":true},"in2DMode":false,"pivot":{"x":17.29498291015625,"y":0.07887545228004456,"z":0.42184126377105715},"rotation":{"x":0.11291635036468506,"y":0.40327516198158266,"z":-0.05022231116890907,"w":0.906696081161499},"size":9.333172798156739,"orthographic":false}