{"cameraMode":{"drawMode":0,"name":"Shaded","section":"Shading Mode"},"sceneLighting":false,"audioPlay":false,"sceneViewState":{"showFog":true,"showMaterialUpdate":false,"showSkybox":false,"showFlares":true,"showImageEffects":true,"showParticleSystems":true},"in2DMode":false,"pivot":{"x":33.27846145629883,"y":1.3050049543380738,"z":-10.406360626220704},"rotation":{"x":-0.106326624751091,"y":0.8220799565315247,"z":-0.1633942425251007,"w":-0.5349704027175903},"size":5.931303024291992,"orthographic":false}