{"cameraMode":{"drawMode":0,"name":"Shaded","section":"Shading Mode"},"sceneLighting":false,"audioPlay":false,"sceneViewState":{"showFog":true,"showMaterialUpdate":false,"showSkybox":false,"showFlares":true,"showImageEffects":true,"showParticleSystems":true},"in2DMode":false,"pivot":{"x":36.13488006591797,"y":-3.9564080238342287,"z":13.657454490661621},"rotation":{"x":0.1264697164297104,"y":0.03718956559896469,"z":-0.004745059181004763,"w":0.9912645220756531},"size":36.069610595703128,"orthographic":false}