{"cameraMode":{"drawMode":0,"name":"Shaded","section":"Shading Mode"},"sceneLighting":true,"audioPlay":false,"sceneViewState":{"showFog":true,"showMaterialUpdate":false,"showSkybox":true,"showFlares":true,"showImageEffects":true,"showParticleSystems":true},"in2DMode":false,"pivot":{"x":84.82003784179688,"y":-1.6128748655319214,"z":-13.058480262756348},"rotation":{"x":-0.10840929299592972,"y":-0.40678831934928896,"z":0.048642270267009738,"w":-0.9058019518852234},"size":22.0,"orthographic":false}