{"cameraMode":{"drawMode":0,"name":"Shaded","section":"Shading Mode"},"sceneLighting":true,"audioPlay":false,"sceneViewState":{"showFog":true,"showMaterialUpdate":false,"showSkybox":true,"showFlares":true,"showImageEffects":true,"showParticleSystems":true},"in2DMode":false,"pivot":{"x":71.06928253173828,"y":3.2780113220214845,"z":-63.176422119140628},"rotation":{"x":-0.08213038742542267,"y":0.8774572610855103,"z":-0.16239622235298158,"w":-0.44384896755218508},"size":114.31536102294922,"orthographic":false}