{"cameraMode":{"drawMode":0,"name":"Shaded","section":"Shading Mode"},"sceneLighting":false,"audioPlay":false,"sceneViewState":{"showFog":true,"showMaterialUpdate":false,"showSkybox":true,"showFlares":true,"showImageEffects":true,"showParticleSystems":true},"in2DMode":false,"pivot":{"x":8.422207832336426,"y":2.0,"z":-2.7350001335144045},"rotation":{"x":0.12347627431154251,"y":0.6316837668418884,"z":-0.10284719616174698,"w":0.758387565612793},"size":14.730083465576172,"orthographic":true}