{"cameraMode":{"drawMode":0,"name":"Shaded","section":"Shading Mode"},"sceneLighting":false,"audioPlay":false,"sceneViewState":{"showFog":true,"showMaterialUpdate":false,"showSkybox":true,"showFlares":true,"showImageEffects":true,"showParticleSystems":true},"in2DMode":false,"pivot":{"x":-0.5549522638320923,"y":3.0948076248168947,"z":2.927638292312622},"rotation":{"x":0.026973960921168329,"y":0.8080636262893677,"z":-0.03711538761854172,"w":0.5873139500617981},"size":5.6339545249938969,"orthographic":true}