{"cameraMode":{"drawMode":0,"name":"Shaded","section":"Shading Mode"},"sceneLighting":false,"audioPlay":false,"sceneViewState":{"showFog":true,"showMaterialUpdate":false,"showSkybox":false,"showFlares":true,"showImageEffects":true,"showParticleSystems":true},"in2DMode":false,"pivot":{"x":34.22067642211914,"y":0.7084195017814636,"z":-12.899907112121582},"rotation":{"x":-0.16262251138687135,"y":0.3737184405326843,"z":-0.06673219799995423,"w":-0.9107412099838257},"size":5.931303024291992,"orthographic":false}