{"cameraMode":{"drawMode":0,"name":"Shaded","section":"Shading Mode"},"sceneLighting":false,"audioPlay":false,"sceneViewState":{"showFog":true,"showMaterialUpdate":false,"showSkybox":true,"showFlares":true,"showImageEffects":true,"showParticleSystems":true},"in2DMode":false,"pivot":{"x":11.156648635864258,"y":2.3999996185302736,"z":-4.763999938964844},"rotation":{"x":0.3126426935195923,"y":0.2952454686164856,"z":-0.10291306674480438,"w":0.8969357013702393},"size":65.44055938720703,"orthographic":true}