{"cameraMode":{"drawMode":0,"name":"Shaded","section":"Shading Mode"},"sceneLighting":false,"audioPlay":false,"sceneViewState":{"showFog":true,"showMaterialUpdate":false,"showSkybox":false,"showFlares":true,"showImageEffects":true,"showParticleSystems":true},"in2DMode":false,"pivot":{"x":10.297118186950684,"y":2.7006845474243166,"z":-0.678943932056427},"rotation":{"x":0.20078614354133607,"y":0.6999229192733765,"z":-0.21605008840560914,"w":0.6504735946655273},"size":6.496767520904541,"orthographic":true}