{"cameraMode":{"drawMode":0,"name":"Shaded","section":"Shading Mode"},"sceneLighting":true,"audioPlay":false,"sceneViewState":{"showFog":true,"showMaterialUpdate":false,"showSkybox":true,"showFlares":true,"showImageEffects":true,"showParticleSystems":true},"in2DMode":false,"pivot":{"x":93.78280639648438,"y":-15.596596717834473,"z":-30.622066497802736},"rotation":{"x":0.7687711715698242,"y":0.0005729550030082464,"z":-0.0006877914420329034,"w":0.639534056186676},"size":129.52178955078126,"orthographic":true}