{"cameraMode":{"drawMode":0,"name":"Shaded","section":"Shading Mode"},"sceneLighting":false,"audioPlay":false,"sceneViewState":{"showFog":true,"showMaterialUpdate":false,"showSkybox":true,"showFlares":true,"showImageEffects":true,"showParticleSystems":true},"in2DMode":false,"pivot":{"x":-3.637350082397461,"y":11.106115341186524,"z":-16.714895248413087},"rotation":{"x":0.20124344527721406,"y":0.4278593063354492,"z":-0.0983310416340828,"w":0.8756538033485413},"size":9.333172798156739,"orthographic":false}