{"cameraMode":{"drawMode":0,"name":"Shaded","section":"Shading Mode"},"sceneLighting":false,"audioPlay":false,"sceneViewState":{"showFog":true,"showMaterialUpdate":false,"showSkybox":true,"showFlares":true,"showImageEffects":true,"showParticleSystems":true},"in2DMode":false,"pivot":{"x":14.851871490478516,"y":-4.073798656463623,"z":12.077250480651856},"rotation":{"x":0.16425487399101258,"y":0.10189679265022278,"z":-0.017061220481991769,"w":0.9809934496879578},"size":19.345539093017579,"orthographic":false}