{"cameraMode":{"drawMode":0,"name":"Shaded","section":"Shading Mode"},"sceneLighting":true,"audioPlay":false,"sceneViewState":{"showFog":true,"showMaterialUpdate":false,"showSkybox":false,"showFlares":true,"showImageEffects":true,"showParticleSystems":true},"in2DMode":false,"pivot":{"x":2.8540830612182619,"y":2.4524993896484377,"z":-2.804081916809082},"rotation":{"x":0.0503557026386261,"y":-0.9496300220489502,"z":0.21584810316562653,"w":0.22154442965984345},"size":172.5928497314453,"orthographic":false}