{"cameraMode":{"drawMode":0,"name":"Shaded","section":"Shading Mode"},"sceneLighting":false,"audioPlay":false,"sceneViewState":{"showFog":true,"showMaterialUpdate":false,"showSkybox":true,"showFlares":true,"showImageEffects":true,"showParticleSystems":true},"in2DMode":false,"pivot":{"x":-0.39162445068359377,"y":1.8337130546569825,"z":-0.005106806755065918},"rotation":{"x":0.2106296569108963,"y":0.5153091549873352,"z":-0.13234782218933106,"w":0.8201073408126831},"size":7.72271728515625,"orthographic":true}