{"cameraMode":{"drawMode":0,"name":"Shaded","section":"Shading Mode"},"sceneLighting":false,"audioPlay":false,"sceneViewState":{"showFog":true,"showMaterialUpdate":false,"showSkybox":true,"showFlares":true,"showImageEffects":true,"showParticleSystems":true},"in2DMode":false,"pivot":{"x":-4.695435047149658,"y":0.23213057219982148,"z":5.972023010253906},"rotation":{"x":0.12248191237449646,"y":-0.32272303104400637,"z":0.04215673357248306,"w":0.9375961422920227},"size":14.730083465576172,"orthographic":false}