{"cameraMode":{"drawMode":0,"name":"Shaded","section":"Shading Mode"},"sceneLighting":true,"audioPlay":false,"sceneViewState":{"showFog":true,"showMaterialUpdate":false,"showSkybox":true,"showFlares":true,"showImageEffects":true,"showParticleSystems":true},"in2DMode":false,"pivot":{"x":68.57611846923828,"y":-63.5108528137207,"z":43.407691955566409},"rotation":{"x":-0.3867221474647522,"y":-0.0883031114935875,"z":0.0373019315302372,"w":-0.9172586798667908},"size":114.31536102294922,"orthographic":false}