{"cameraMode":{"drawMode":0,"name":"Shaded","section":"Shading Mode"},"sceneLighting":false,"audioPlay":false,"sceneViewState":{"showFog":true,"showMaterialUpdate":false,"showSkybox":true,"showFlares":true,"showImageEffects":true,"showParticleSystems":true},"in2DMode":false,"pivot":{"x":15.699999809265137,"y":1.6699999570846558,"z":-15.600000381469727},"rotation":{"x":0.36710649728775027,"y":-0.002790536032989621,"z":0.0011013068724423648,"w":0.9301741123199463},"size":0.00005543319639400579,"orthographic":true}