{"cameraMode":{"drawMode":0,"name":"Shaded","section":"Shading Mode"},"sceneLighting":true,"audioPlay":false,"sceneViewState":{"showFog":true,"showMaterialUpdate":false,"showSkybox":true,"showFlares":true,"showImageEffects":true,"showParticleSystems":true},"in2DMode":false,"pivot":{"x":51.63844299316406,"y":4.015373229980469,"z":-2.6669769287109377},"rotation":{"x":0.35579171776771548,"y":0.025508534163236619,"z":-0.009716372936964035,"w":0.9341779947280884},"size":122.74024963378906,"orthographic":false}