{"cameraMode":{"drawMode":0,"name":"Shaded","section":"Shading Mode"},"sceneLighting":false,"audioPlay":false,"sceneViewState":{"showFog":true,"showMaterialUpdate":false,"showSkybox":false,"showFlares":true,"showImageEffects":true,"showParticleSystems":true},"in2DMode":false,"pivot":{"x":23.11566162109375,"y":-4.3282036781311039,"z":0.8464177846908569},"rotation":{"x":-0.09624411910772324,"y":-0.6761575937271118,"z":0.0897786021232605,"w":-0.7249231934547424},"size":27.97528839111328,"orthographic":false}