{"cameraMode":{"drawMode":0,"name":"Shaded","section":"Shading Mode"},"sceneLighting":false,"audioPlay":false,"sceneViewState":{"showFog":true,"showMaterialUpdate":false,"showSkybox":true,"showFlares":true,"showImageEffects":true,"showParticleSystems":true},"in2DMode":false,"pivot":{"x":13.605289459228516,"y":1.7281266450881959,"z":-5.340793132781982},"rotation":{"x":0.3417644500732422,"y":0.022551842033863069,"z":-0.00820393580943346,"w":0.9394797086715698},"size":19.345539093017579,"orthographic":false}