{"cameraMode":{"drawMode":0,"name":"Shaded","section":"Shading Mode"},"sceneLighting":true,"audioPlay":false,"sceneViewState":{"showFog":true,"showMaterialUpdate":false,"showSkybox":true,"showFlares":true,"showImageEffects":true,"showParticleSystems":true},"in2DMode":false,"pivot":{"x":79.75843811035156,"y":27.388267517089845,"z":-121.37971496582031},"rotation":{"x":0.25476905703544619,"y":-0.028996240347623826,"z":0.007593228481709957,"w":0.9666366577148438},"size":22.0,"orthographic":false}