{"cameraMode":{"drawMode":0,"name":"Shaded","section":"Shading Mode"},"sceneLighting":false,"audioPlay":false,"sceneViewState":{"showFog":true,"showMaterialUpdate":false,"showSkybox":true,"showFlares":true,"showImageEffects":true,"showParticleSystems":true},"in2DMode":false,"pivot":{"x":11.819243431091309,"y":0.6146321296691895,"z":-2.9019346237182619},"rotation":{"x":0.21290281414985658,"y":0.23900136351585389,"z":-0.053796302527189258,"w":0.9458636045455933},"size":19.345539093017579,"orthographic":false}