{"cameraMode":{"drawMode":0,"name":"Shaded","section":"Shading Mode"},"sceneLighting":false,"audioPlay":false,"sceneViewState":{"showFog":true,"showMaterialUpdate":false,"showSkybox":true,"showFlares":true,"showImageEffects":true,"showParticleSystems":true},"in2DMode":false,"pivot":{"x":0.9871797561645508,"y":-0.43822601437568667,"z":8.294891357421875},"rotation":{"x":0.13696686923503877,"y":-0.0014864701079204679,"z":0.0002045990840997547,"w":0.9905820488929749},"size":14.730083465576172,"orthographic":false}