{"cameraMode":{"drawMode":0,"name":"Shaded","section":"Shading Mode"},"sceneLighting":true,"audioPlay":false,"sceneViewState":{"showFog":true,"showMaterialUpdate":false,"showSkybox":true,"showFlares":true,"showImageEffects":true,"showParticleSystems":true},"in2DMode":false,"pivot":{"x":65.3564224243164,"y":18.384471893310548,"z":-75.35807800292969},"rotation":{"x":0.5315154194831848,"y":0.0066050635650753979,"z":-0.004147252533584833,"w":0.8470291495323181},"size":91.87840270996094,"orthographic":false}